{
    "0": {
        "query91.sql": 0.04140329360961914,
        "query92.sql": 0.125413179397583,
        "query45.sql": 0.1647496223449707,
        "query15.sql": 0.1730501651763916,
        "query85.sql": 0.1853351593017578,
        "query90.sql": 0.1982438564300537
    },
    "1": {
        "query32.sql": 0.21909308433532715,
        "query8.sql": 0.317885160446167,
        "query66.sql": 0.34098243713378906,
        "query73.sql": 0.3538944721221924,
        "query84.sql": 0.37418460845947266,
        "query26.sql": 0.3958759307861328
    },
    "2": {
        "query81.sql": 0.41577649116516113,
        "query34.sql": 0.4159970283508301,
        "query62.sql": 0.419482946395874,
        "query79.sql": 0.4441378116607666,
        "query68.sql": 0.47435522079467773,
        "query48.sql": 0.5058221817016602
    },
    "3": {
        "query76.sql": 0.5165631771087646,
        "query96.sql": 0.5181853771209717,
        "query55.sql": 0.5194172859191895,
        "query71.sql": 0.5336709022521973,
        "query46.sql": 0.5501706600189209,
        "query13.sql": 0.6129360198974609
    },
    "4": {
        "query41.sql": 0.621281623840332,
        "query83.sql": 0.6417379379272461,
        "query7.sql": 0.6600496768951416,
        "query43.sql": 0.740933895111084,
        "query3.sql": 0.9533123970031738,
        "query19.sql": 0.9597127437591553
    },
    "5": {
        "query99.sql": 1.0355944633483887,
        "query38.sql": 1.0844683647155762,
        "query61.sql": 1.4089024066925049,
        "query28.sql": 1.4557344913482666,
        "query64.sql": 1.9379568099975586,
        "query65.sql": 2.0436995029449463
    },
    "6": {
        "query9.sql": 2.296682357788086,
        "query31.sql": 2.3364691734313965,
        "query54.sql": 2.4458518028259277,
        "query42.sql": 2.4554102420806885,
        "query52.sql": 2.466599464416504,
        "query82.sql": 2.534578800201416
    },
    "7": {
        "query37.sql": 2.5489728450775146,
        "query40.sql": 2.7977941036224365,
        "query93.sql": 2.798797369003296,
        "query74.sql": 3.1545348167419434,
        "query56.sql": 3.314746141433716,
        "query33.sql": 3.3929452896118164
    },
    "8": {
        "query25.sql": 3.393742084503174,
        "query50.sql": 3.53188419342041,
        "query2.sql": 3.582345724105835,
        "query11.sql": 3.6144163608551025,
        "query29.sql": 3.8287882804870605,
        "query60.sql": 4.350732803344727
    },
    "9": {
        "query88.sql": 4.642174482345581,
        "query21.sql": 4.735459327697754,
        "query4.sql": 5.339427947998047,
        "query95.sql": 5.642447233200073,
        "query59.sql": 5.705196857452393,
        "query75.sql": 14.560886144638062
    }
}