{
    "0": {
        "query93.sql": 0.10262656211853027,
        "query91.sql": 0.1026773452758789,
        "query92.sql": 0.19457030296325684,
        "query45.sql": 0.2897520065307617,
        "query85.sql": 0.2912452220916748,
        "query15.sql": 0.46785521507263184,
        "query32.sql": 0.4764392375946045
    },
    "1": {
        "query90.sql": 0.5741996765136719,
        "query84.sql": 0.6214125156402588,
        "query8.sql": 0.6459376811981201,
        "query55.sql": 0.6532857418060303,
        "query96.sql": 0.6989603042602539,
        "query81.sql": 0.7023293972015381,
        "query79.sql": 0.7619915008544922
    },
    "2": {
        "query68.sql": 0.8660409450531006,
        "query62.sql": 0.8714218139648438,
        "query26.sql": 0.8923921585083008,
        "query71.sql": 0.9137270450592041,
        "query73.sql": 0.9231159687042236,
        "query66.sql": 1.032423496246338,
        "query34.sql": 1.0390522480010986
    },
    "3": {
        "query76.sql": 1.1255488395690918,
        "query48.sql": 1.175243854522705,
        "query13.sql": 1.1759748458862305,
        "query19.sql": 1.243551254272461,
        "query12.sql": 1.2875900268554688,
        "query46.sql": 1.2990500926971436,
        "query7.sql": 1.3797516822814941
    },
    "4": {
        "query83.sql": 1.434321641921997,
        "query44.sql": 1.4784202575683594,
        "query43.sql": 1.5859732627868652,
        "query3.sql": 1.7151010036468506,
        "query99.sql": 1.7645061016082764,
        "query41.sql": 1.9467568397521973,
        "query38.sql": 2.521240711212158
    },
    "5": {
        "query20.sql": 3.073936700820923,
        "query64.sql": 3.333254814147949,
        "query61.sql": 3.5101678371429443,
        "query28.sql": 3.606541395187378,
        "query65.sql": 4.032109498977661,
        "query9.sql": 5.163957118988037,
        "query31.sql": 5.4529383182525635
    },
    "6": {
        "query82.sql": 5.755608558654785,
        "query52.sql": 5.797685623168945,
        "query42.sql": 5.8359057903289795,
        "query74.sql": 5.897026300430298,
        "query37.sql": 6.069404602050781,
        "query40.sql": 6.488041162490845,
        "query50.sql": 6.577045202255249
    },
    "7": {
        "query98.sql": 6.668185472488403,
        "query11.sql": 6.987812042236328,
        "query29.sql": 7.184189081192017,
        "query53.sql": 7.25238037109375,
        "query89.sql": 7.5398945808410645,
        "query2.sql": 7.60273003578186,
        "query33.sql": 7.687955141067505
    },
    "8": {
        "query63.sql": 7.723742723464966,
        "query88.sql": 7.838740825653076,
        "query56.sql": 7.872913122177124,
        "query25.sql": 7.921372175216675,
        "query21.sql": 8.426799058914185,
        "query95.sql": 9.072150707244873,
        "query60.sql": 9.463470458984375
    },
    "9": {
        "query59.sql": 10.510750532150269,
        "query4.sql": 11.18478536605835,
        "query57.sql": 11.41956901550293,
        "query54.sql": 16.592777252197266,
        "query49.sql": 20.734535217285156,
        "query47.sql": 28.252654314041138,
        "query78.sql": 28.8538978099823
    }
}